{
	"displayName": "Возможности языка Markdown",
	"description": "Предоставляет широкую поддержку языка для Markdown.",
	"markdown.preview.breaks.desc": "Определяет, как переносы строк отображаются в области предварительного просмотра файла Markdown. Если установить этот параметр в значение 'true', <br>будут создаваться для каждой новой строки.",
	"markdown.preview.linkify": "Включить или отключить преобразование текста в URL для предварительного просмотра Markdown.",
	"markdown.preview.doubleClickToSwitchToEditor.desc": "Двойной щелчок в области предварительного просмотра Markdown в редакторе.",
	"markdown.preview.fontFamily.desc": "Определяет семейство шрифтов, используемое в области предварительного просмотра файла Markdown.",
	"markdown.preview.fontSize.desc": "Определяет размер шрифта (в пикселях), используемый в области предварительного просмотра файла Markdown.",
	"markdown.preview.lineHeight.desc": "Определяет высоту строки, используемую в области предварительного просмотра файла Markdown. Это значение задается относительно размера шрифта.",
	"markdown.preview.markEditorSelection.desc": "Выделение выбранного в текущем редакторе в предпросмотре Markdown.",
	"markdown.preview.scrollEditorWithPreview.desc": "Обновить представление редактора при прокрутке предварительного просмотра Markdown.",
	"markdown.preview.scrollPreviewWithEditor.desc": "Обновить представление предварительного просмотра при прокрутке редактора Markdown.",
	"markdown.preview.scrollPreviewWithEditorSelection.desc": "[Устаревшая функция] Прокрутка предварительного просмотра Markdown до выбранной строки в редакторе.",
	"markdown.preview.scrollPreviewWithEditorSelection.deprecationMessage": "Этот параметр был заменен на 'markdown.preview.scrollPreviewWithEditor' и больше не используется.",
	"markdown.preview.title": "Открыть область предварительного просмотра",
	"markdown.previewFrontMatter.dec": "Определяет обработку титульных листов YAML в области предварительного просмотра файла Markdown. Значение \"скрыть\" удаляет титульные листы. В противном случае титульные листы обрабатываются как содержимое файла Markdown.",
	"markdown.previewSide.title": "Открыть область предварительного просмотра сбоку",
	"markdown.showLockedPreviewToSide.title": "Открыть заблокированную область предварительного просмотра сбоку",
	"markdown.showSource.title": "Показать источник",
	"markdown.styles.dec": "Список URL-адресов или локальных путей к таблицам стилей CSS, используемых из области предварительного просмотра файла Markdown. Относительные пути интерпретируются относительно папки, открытой в проводнике. Если папка не открыта, они интерпретируются относительно расположения файла Markdown. Все символы '\\' должны записываться в виде '\\\\'.",
	"markdown.showPreviewSecuritySelector.title": "Изменить параметры безопасности для предварительного просмотра",
	"markdown.trace.desc": "Включить ведение журнала отладки для расширения Markdown.",
	"markdown.preview.refresh.title": "Обновить область предварительного просмотра",
	"markdown.preview.toggleLock.title": "Включить/отключить блокировку области предварительного просмотра"
}