{
	"displayName": "Markdown 語言功能",
	"description": "為 Markdown 提供豐富的語言支援。",
	"markdown.preview.breaks.desc": "設定在 Markdown 預覽中如何顯示分行符號。設為 'trure' 為每個新行建立<br>",
	"markdown.preview.linkify": "啟用或停用在 Markdown 預覽中將類似 URL 的文字轉換為連結。",
	"markdown.preview.doubleClickToSwitchToEditor.desc": "在 Markdown 預覽中按兩下會切換到編輯器。",
	"markdown.preview.fontFamily.desc": "控制 Markdown 預覽中使用的字型家族。",
	"markdown.preview.fontSize.desc": "控制 Markdown 預覽中使用的字型大小 (以像素為單位)。",
	"markdown.preview.lineHeight.desc": "控制 Markdown 預覽中使用的行高。此數字相對於字型大小。",
	"markdown.preview.markEditorSelection.desc": "在 Markdown 預覽中標記目前的編輯器選取範圍。",
	"markdown.preview.scrollEditorWithPreview.desc": "在捲動 Markdown 預覽時更新編輯器的檢視。",
	"markdown.preview.scrollPreviewWithEditor.desc": "在捲動 Markdown 編輯器時更新預覽的檢視。",
	"markdown.preview.scrollPreviewWithEditorSelection.desc": "[已淘汰] 捲動 Markdown 預覽，以從編輯器顯示目前選取的程式行。",
	"markdown.preview.scrollPreviewWithEditorSelection.deprecationMessage": "此設定已由 'markdown.preview.scrollPreviewWithEditor' 取代，不再具有任何效果。",
	"markdown.preview.title": "開啟預覽",
	"markdown.previewFrontMatter.dec": "設定 YAML 前端在 Markdown 預覽中呈現的方式。[隱藏] 會移除前端。否則，前端會視為 Markdown 內容。",
	"markdown.previewSide.title": "在一側開啟預覽",
	"markdown.showLockedPreviewToSide.title": "在側面開啟鎖定的預覽",
	"markdown.showSource.title": "顯示來源",
	"markdown.styles.dec": "可從 Markdown 預覽使用之 CSS 樣式表的 URL 或本機路徑清單。相對路徑是相對於在總管中開啟的資料夾來進行解釋。若沒有開啟資料夾，路徑則是相對於 Markdown 檔案的位置來進行解釋。所有 '\\' 都必須寫成 '\\\\'。",
	"markdown.showPreviewSecuritySelector.title": "變更預覽的安全性設定",
	"markdown.trace.desc": "允許 Markdown 延伸模組進行偵錯記錄。",
	"markdown.preview.refresh.title": "重新整理預覽",
	"markdown.preview.toggleLock.title": "切換預覽鎖定"
}