<?xml version="1.0" encoding="UTF-8"?>
<feature
      id="com.pandora.cef3.feature"
      label="%featureName"
      version="2.0.0.201803061944"
      provider-name="%providerName">

   <description>
      %description
   </description>

   <copyright>
		Copyright ©2013 DCloud HTML-CIR Plugin Powered By DCloud Version 1.0.0
All rights reserved.
   </copyright>

   <license url="">
DCloud软件许可协议

一、软件使用协议
   本协议是用户 (自然人、法人或社会团体)与数字天堂(北京)网络技术有限公司(以下简称DCloud)之间关于“DCloud HTML即时渲染器插件”软件产品（以下简称“本软件产品”）的法律协议。一旦安装、复制或以其他方式使用本软件产品，即表示同意接受协议各项条件的约束。如果用户不同意协议的条件，请不要使用本软件产品。
二、软件产品保护条款
  1）本软件产品之著作权及其它知识产权等相关权利或利益（包括但不限于现已取得或未来可取得之著作权、专利权、商标权、营业秘密等）皆为DCloud公司所有。本软件产品受中华人民共和国版权法及国际版权条约和其他知识产权法及条约的保护。用户仅获得本软件产品的非排他性使用权。
  2）用户不得：删除本软件及其他副本上一切关于版权的信息；对本软件进行反向工程，如反汇编、反编译等； 
  3）本软件产品以现状方式提供，DCloud公司不保证本软件产品能够或不能够完全满足用户需求，在用户手册、帮助文件、使用说明书等软件文档中的介绍性内容仅供用户参考，不得理解为对用户所做的任何承诺。DCloud公司保留对软件版本进行升级，对功能、内容、结构、界面、运行方式等进行修改或自动更新的权利。
  4）为了更好地服务于用户，本软件产品可能会收集某些不涉及用户隐私的信息，但DCloud公司承诺不向未经授权的第三方提供此类信息。
  5）使用本软件产品由用户自己承担风险，在适用法律允许的最大范围内，DCloud公司在任何情况下不就因使用或不能使用本软件产品所发生的特殊的、意外的、非直接或间接的损失承担赔偿责任。即使已事先被告知该损害发生的可能性。 
  6）DCloud公司定义的信息内容包括：文字、软件、声音、图片；本公司为用户提供的商业信息，所有这些内容受版权、商标权、和其它知识产权和所有权法律的保护。所以，用户只能在本公司授权下才能使用这些内容，而不能擅自复制、修改、编撰这些内容、或创造与内容有关的衍生产品。
  7）如果您未遵守本协议的任何一项条款，DCloud公司有权立即终止本协议，并保留通过法律手段追究责任。
三、DCloud公司具有对以上各项条款内容的最终解释权和修改权。如用户对DCloud公司的解释或修改有异议，应当立即停止使用本软件产品。用户继续使用本软件产品的行为将被视为对DCloud公司的解释或修改的接受。

四、因本协议所发生的纠纷，双方同意按照中华人民共和国法律，由DCloud公司所在地的有管辖权的法院管辖。

数字天堂(北京)网络技术有限公司
   </license>

   <requires>
      <import plugin="org.eclipse.swt" version="3.5.0" match="greaterOrEqual"/>
   </requires>

   <plugin
         id="com.pandora.cef3"
         download-size="0"
         install-size="0"
         version="2.0.0.201706211743"
         unpack="false"/>

   <plugin
         id="com.pandora.cef3.win32.x86"
         os="win32"
         arch="x86"
         download-size="0"
         install-size="0"
         version="2.0.0.201511261800"
         fragment="true"/>

   <plugin
         id="com.pandora.view.browser"
         download-size="0"
         install-size="0"
         version="3.0.0.201705311651"
         unpack="false"/>

   <plugin
         id="com.pandora.realtime.preview"
         download-size="0"
         install-size="0"
         version="1.0.0.201705261700"
         unpack="false"/>

   <plugin
         id="com.pandora.core.utils"
         download-size="0"
         install-size="0"
         version="1.0.0.201801302005"
         unpack="false"/>
         
   <plugin
         id="com.pandora.browser.remote.debug"
         download-size="0"
         install-size="0"
         version="1.0.0.201706211743"
         unpack="false"/>

</feature>
