{
	"description": "Supporto di Emmet per VS codice",
	"command.wrapWithAbbreviation": "Esegui il wrapping con l'abbreviazione",
	"command.wrapIndividualLinesWithAbbreviation": "Esegui il wrapping di singole righe con l'abbreviazione",
	"command.removeTag": "Rimuovi Tag",
	"command.updateTag": "Aggiorna tag",
	"command.matchTag": "Vai alla coppia corrispondente",
	"command.balanceIn": "Corrispondenza (interna)",
	"command.balanceOut": "Corrispondenza (esterna)",
	"command.prevEditPoint": "Vai al punto di modifica precedente",
	"command.nextEditPoint": "Vai al punto di modifica successivo",
	"command.mergeLines": "Esegui merge delle righe",
	"command.selectPrevItem": "Seleziona l'elemento precedente",
	"command.selectNextItem": "Seleziona l'elemento successivo",
	"command.splitJoinTag": "Dividi/Unisci tag",
	"command.toggleComment": "Attiva/Disattiva commento",
	"command.evaluateMathExpression": "Valuta espressione matematica",
	"command.updateImageSize": "Aggiorna dimensioni immagine",
	"command.reflectCSSValue": "Ricopia il valore CSS",
	"command.incrementNumberByOne": "Aumenta di 1",
	"command.decrementNumberByOne": "Riduci di 1",
	"command.incrementNumberByOneTenth": "Aumenta di 0,1",
	"command.decrementNumberByOneTenth": "Riduci di 0,1",
	"command.incrementNumberByTen": "Aumenta di 10",
	"command.decrementNumberByTen": "Riduci di 10",
	"emmetSyntaxProfiles": "Consente di definire il profilo per la sintassi specificata oppure di usare un profilo personalizzato con regole specifiche.",
	"emmetExclude": "Una matrice di linguaggi dove le abbreviazioni Emmet non dovrebbero essere espanse.",
	"emmetExtensionsPath": "Percorso di una cartella contenente profili e snippet Emmet.'",
	"emmetShowExpandedAbbreviation": "Mostra le abbreviazioni Emmet espanse come suggerimenti.\nL'opzione \"inMarkupAndStylesheetFilesOnly\" si applica a html, haml, jade, slim, xml, xsl, css, scss, sass, less e stylus.\nL'opzione \"sempre\" (always) si applica a tutte le parti del file indipendentemente dal markup/css.",
	"emmetShowAbbreviationSuggestions": "Mostra possibili abbreviazioni Emmet come suggerimenti. Non si applica a fogli di stile o quando emmet.showExpandedAbbreviation è impostata a \"mai\" (never).",
	"emmetIncludeLanguages": "Abilita le abbreviazioni Emmet in linguaggi che non sono normalmente supportati. Qui si può aggiungere un mapping tra il linguaggio ed il linguaggio supportato da Emmet.\n Ad esempio: {\"vue-html\": \"html\", \"javascript\": \"javascriptreact\"}",
	"emmetVariables": "Variabili da utilizzare negli snippet Emmet",
	"emmetTriggerExpansionOnTab": "Se abilitate, le abbreviazioni Emmet vengono espanse quando si preme TAB.",
	"emmetPreferences": "Preferenze usate per modificare il comportamento di alcune azioni e i resolver di Emmet.",
	"emmetPreferencesIntUnit": "Unità di misura predefinita per i valori integer",
	"emmetPreferencesFloatUnit": "Unità di misura predefinita per i valori float",
	"emmetPreferencesCssAfter": "Simbolo da inserire alla fine della proprietà CSS quando si espandono le abbreviazioni CSS",
	"emmetPreferencesSassAfter": "Simbolo da inserire alla fine della proprietà CSS quando si espandono le abbreviazioni CSS nei file Sass",
	"emmetPreferencesStylusAfter": "Simbolo da inserire alla fine della proprietà CSS quando si espandono le abbreviazioni CSS nei file Stylus",
	"emmetPreferencesCssBetween": "Simbolo da inserire tra la proprietà CSS e il valore quando si espandono le abbreviazioni CSS",
	"emmetPreferencesSassBetween": "Simbolo da inserire tra la proprietà CSS e il valore quando si espandono le abbreviazioni CSS nei file Sass",
	"emmetPreferencesStylusBetween": "Simbolo da inserire tra la proprietà CSS e il valore quando si espandono le abbreviazioni CSS nei file Stylus",
	"emmetShowSuggestionsAsSnippets": "Se è true, i suggerimenti Emmet verranno visualizzati come frammenti consentendo di ordinarli in base all'impostazione editor.snippetSuggestions.",
	"emmetPreferencesBemElementSeparator": "Separatore di elementi utilizzati per le classi quando si utilizza il filtro BEM",
	"emmetPreferencesBemModifierSeparator": "Separatore di modificatore utilizzato per le classi quando si utilizza il filtro BEM",
	"emmetPreferencesFilterCommentBefore": "Una definizione di commento che deve essere inserita prima dell'elemento corrispondente quando viene applicato il filtro commenti.",
	"emmetPreferencesFilterCommentAfter": "Una definizione di commento che deve essere posizionato dopo l'elemento corrispondente quando viene applicato il filtro commenti.",
	"emmetPreferencesFilterCommentTrigger": "Un elenco delimitato da virgole di nomi di attributi che dovrebbero esistere come abbreviazione per il filtro commenti da applicare",
	"emmetPreferencesFormatNoIndentTags": "Una matrice di nomi di tag che non dovrebbe ottenere il rientro interno",
	"emmetPreferencesFormatForceIndentTags": "Una matrice di nomi di tag che dovrebbe sempre ottenere il rientro interno",
	"emmetPreferencesAllowCompactBoolean": "Se true, viene prodotta una notazione compatta degli attributi booleani",
	"emmetPreferencesCssWebkitProperties": "Proprietà CSS delimitate da virgola che assumono il prefisso 'webkit' del vendor quando utilizzate nelle abbreviazioni di Emmet che iniziano per '-'. Per evitare sempre il prefisso 'webkit' impostare stringa vuota.",
	"emmetPreferencesCssMozProperties": "Proprietà CSS delimitate da virgola che assumono il prefisso 'moz' del vendor quando utilizzate nelle abbreviazioni di Emmet che iniziano per '-'. Per evitare sempre il prefisso 'moz' impostare stringa vuota.",
	"emmetPreferencesCssOProperties": "Proprietà CSS delimitate da virgola che assumono il prefisso 'o' del vendor quando utilizzate nelle abbreviazioni di Emmet che iniziano per '-'. Per evitare sempre il prefisso 'o' impostare stringa vuota.",
	"emmetPreferencesCssMsProperties": "Proprietà CSS delimitate da virgola che assumono il prefisso 'ms' del vendor quando utilizzate nelle abbreviazioni di Emmet che iniziano per '-'. Per evitare sempre il prefisso 'ms' impostare stringa vuota.",
	"emmetPreferencesCssFuzzySearchMinScore": "Il valore minimo (da 0 a 1) che dovrebbe raggiungere un'abbreviazione di fuzzy-match. I valori più bassi possono produrre molti falsi positivi, i valori più alti possono ridurre le possibili corrispondenze.",
	"emmetOptimizeStylesheetParsing": "When set to false, the whole file is parsed to determine if current position is valid for expanding Emmet abbreviations. When set to true, only the content around the current position in css/scss/less files is parsed."
}