{
	"description": "Emmet-Unterstützung für VS Code",
	"command.wrapWithAbbreviation": "Mit Abkürzung umschließen",
	"command.wrapIndividualLinesWithAbbreviation": "Einzelne Zeilen mit Abkürzung umschließen",
	"command.removeTag": "Tag entfernen",
	"command.updateTag": "Tag aktualisieren",
	"command.matchTag": "Gehe zu übereinstimmendem Paar",
	"command.balanceIn": "Ausgleichen (einwärts)",
	"command.balanceOut": "Ausgleichen (auswärts)",
	"command.prevEditPoint": "Gehe zum vorherigen Bearbeitungspunkt",
	"command.nextEditPoint": "Gehe zum nächsten Bearbeitungspunkt",
	"command.mergeLines": "Zeilen mergen",
	"command.selectPrevItem": "Vorheriges Element auswählen",
	"command.selectNextItem": "Nächstes Element auswählen",
	"command.splitJoinTag": "Tag teilen/verknüpfen",
	"command.toggleComment": "Kommentar ein-/ausschalten",
	"command.evaluateMathExpression": "Mathematischen Ausdruck auswerten",
	"command.updateImageSize": "Bildgröße aktualisieren",
	"command.reflectCSSValue": "CSS-Wert reflektieren",
	"command.incrementNumberByOne": "Um 1 erhöhen",
	"command.decrementNumberByOne": "Um 1 verringern",
	"command.incrementNumberByOneTenth": "Um 0,1 erhöhen",
	"command.decrementNumberByOneTenth": "Um 0,1 verringern",
	"command.incrementNumberByTen": "Um 10 erhöhen",
	"command.decrementNumberByTen": "Um 10 verringern",
	"emmetSyntaxProfiles": "Definieren Sie das Profil für die angegebene Syntax, oder verwenden Sie Ihr eigenes Profil mit bestimmten Regeln.",
	"emmetExclude": "Ein Array von Sprachen, in dem Emmet-Abkürzungen nicht erweitert werden sollten.",
	"emmetExtensionsPath": "Pfad zu einem Ordner mit Emmet-Profilen und Ausschnitten.",
	"emmetShowExpandedAbbreviation": "Zeigt erweiterte Emmet-Abkürzungen als Vorschläge an.\nDie Option inMarkupAndStylesheetFilesOnly gilt für HTML, HAML, Jade, Slim, XML, XSL, CSS, SCSS, Sass, Less und Stylus.\nDie Option \"always\" gilt unabhängig vom Markup/CSS für alle Teile der Datei.",
	"emmetShowAbbreviationSuggestions": "Zeigt mögliche Emmet-Abkürzungen als Vorschläge an. Diese Option gilt nicht in Stylesheets oder wenn emmet.showExpandedAbbreviation auf \"never\" festgelegt ist.",
	"emmetIncludeLanguages": "Aktivieren Sie Emmet-Abkürzungen in Sprachen, die nicht standardmäßig unterstützt werden. Fügen Sie hier ein Mapping zwischen der Sprache und der von Emmet unterstützten Sprache hinzu.\nBeispiel: {\"vue-html\": \"html\", \"javascript\": \"javascriptreact\"}",
	"emmetVariables": "In Emmet-Ausschnitten zu verwendende Codeausschnitte",
	"emmetTriggerExpansionOnTab": "Wenn aktiviert, werden Emmet-Abkürzungen beim Drücken der TAB-Taste erweitert.",
	"emmetPreferences": "Einstellungen, die zum Ändern des Verhaltens einiger Aktionen und Konfliktlöser von Emmet verwendet werden.",
	"emmetPreferencesIntUnit": "Standardeinheit für Integerwerte",
	"emmetPreferencesFloatUnit": "Standardeinheit für Floatwerte",
	"emmetPreferencesCssAfter": "Symbol, das beim Erweitern von CSS-Abkürzungen am Ende der CSS-Eigenschaft eingefügt werden soll",
	"emmetPreferencesSassAfter": "Symbol, das beim Erweitern von CSS-Abkürzungen in Sass-Dateien am Ende der CSS-Eigenschaft eingefügt werden soll",
	"emmetPreferencesStylusAfter": "Symbol, das beim Erweitern von CSS-Abkürzungen in Stylus-Dateien am Ende der CSS-Eigenschaft eingefügt werden soll",
	"emmetPreferencesCssBetween": "Symbol, das beim Erweitern von CSS-Abkürzungen zwischen der CSS-Eigenschaft und dem Wert eingefügt werden soll",
	"emmetPreferencesSassBetween": "Symbol, das beim Erweitern von CSS-Abkürzungen in Sass-Dateien zwischen der CSS-Eigenschaft und dem Wert eingefügt werden soll",
	"emmetPreferencesStylusBetween": "Symbol, das beim Erweitern von CSS-Abkürzungen in Stylus-Dateien zwischen der CSS-Eigenschaft und dem Wert eingefügt werden soll",
	"emmetShowSuggestionsAsSnippets": "Bei TRUE werden die Emmet-Vorschläge als Ausschnitte angezeigt, mit denen Sie sie der editor.snippetSuggestions-Einstellung entsprechend anordnen können.",
	"emmetPreferencesBemElementSeparator": "Elementtrennzeichen für Klassen unter Verwendung des BEM-Filters",
	"emmetPreferencesBemModifierSeparator": "Modifizierertrennzeichen für Klassen unter Verwendung des BEM-Filters",
	"emmetPreferencesFilterCommentBefore": "Eine Kommentardefinition, die vor dem abgeglichenen Element platziert werden muss, wenn ein Kommentarfilter angewendet wird.",
	"emmetPreferencesFilterCommentAfter": "Eine Kommentardefinition, die nach dem abgeglichenen Element platziert werden muss, wenn ein Kommentarfilter angewendet wird.",
	"emmetPreferencesFilterCommentTrigger": "Eine durch Trennzeichen getrennte Liste von Attributnamen, die in abgekürzter Form vorliegen müssen, damit der Kommentarfilter angewendet werden kann",
	"emmetPreferencesFormatNoIndentTags": "Ein Array von Tagnamen, die keinen inneren Einzug erhalten",
	"emmetPreferencesFormatForceIndentTags": "Ein Array von Tagnamen, die immer einen inneren Einzug erhalten",
	"emmetPreferencesAllowCompactBoolean": "Bei TRUE wird eine kompakte Notation boolescher Attribute erzeugt",
	"emmetPreferencesCssWebkitProperties": "Durch Trennzeichen getrennte CSS-Eigenschaften, die das \"webkit\"-Herstellerpräfix erhalten, wenn sie in einer Emmet-Abkürzung verwendet werden, die mit \"-\" beginnt. Legen Sie eine leere Zeichenfolge fest, um das \"webkit\"-Präfix immer zu vermeiden.",
	"emmetPreferencesCssMozProperties": "Durch Trennzeichen getrennte CSS-Eigenschaften, die das \"moz\"-Herstellerpräfix erhalten, wenn sie in einer Emmet-Abkürzung verwendet werden, die mit \"-\" beginnt. Legen Sie eine leere Zeichenfolge fest, um das \"moz\"-Präfix immer zu vermeiden.",
	"emmetPreferencesCssOProperties": "Durch Trennzeichen getrennte CSS-Eigenschaften, die das \"o\"-Herstellerpräfix erhalten, wenn sie in einer Emmet-Abkürzung verwendet werden, die mit \"-\" beginnt. Legen Sie eine leere Zeichenfolge fest, um das \"o\"-Präfix immer zu vermeiden.",
	"emmetPreferencesCssMsProperties": "Durch Trennzeichen getrennte CSS-Eigenschaften, die das \"ms\"-Herstellerpräfix erhalten, wenn sie in einer Emmet-Abkürzung verwendet werden, die mit \"-\" beginnt. Legen Sie eine leere Zeichenfolge fest, um das \"ms\"-Präfix immer zu vermeiden.",
	"emmetPreferencesCssFuzzySearchMinScore": "Das Mindestergebnis (zwischen 0 und 1), das die Abkürzung mit Fuzzyübereinstimmung erreichen muss. Niedrigere Werte führen zu vielen falsch positiven Übereinstimmungen, höhere Werte verringern unter Umständen die möglichen Übereinstimmungen.",
	"emmetOptimizeStylesheetParsing": "When set to false, the whole file is parsed to determine if current position is valid for expanding Emmet abbreviations. When set to true, only the content around the current position in css/scss/less files is parsed."
}