{
	"description": "Поддержка Emmet для VS Code",
	"command.wrapWithAbbreviation": "Перенести с сокращением",
	"command.wrapIndividualLinesWithAbbreviation": "Перенести отдельные строки с сокращением",
	"command.removeTag": "Удалить тег",
	"command.updateTag": "Обновить тег",
	"command.matchTag": "Перейти к соответствующей паре",
	"command.balanceIn": "Баланс (входящий)",
	"command.balanceOut": "Баланс (исходящий)",
	"command.prevEditPoint": "Перейти к предыдущей точке изменения",
	"command.nextEditPoint": "Перейти к следующей точке изменения",
	"command.mergeLines": "Объединить строки",
	"command.selectPrevItem": "Выбрать предыдущий элемент",
	"command.selectNextItem": "Выбрать следующий элемент",
	"command.splitJoinTag": "Разделить/объединить тег",
	"command.toggleComment": "Переключить комментарий",
	"command.evaluateMathExpression": "Вычислить математическое выражение",
	"command.updateImageSize": "Обновить размер изображения",
	"command.reflectCSSValue": "Отражать значение CSS",
	"command.incrementNumberByOne": "Увеличить значение на 1",
	"command.decrementNumberByOne": "Уменьшить значение на 1",
	"command.incrementNumberByOneTenth": "Увеличить значение на 0.1",
	"command.decrementNumberByOneTenth": "Уменьшить значение на 0.1",
	"command.incrementNumberByTen": "Увеличить значение на 10",
	"command.decrementNumberByTen": "Уменьшить значение на 10",
	"emmetSyntaxProfiles": "Задайте профиль для указанного синтаксиса или используйте свой собственный профиль с определенными правилами.",
	"emmetExclude": "Массив языков, в которых не должны развертываться сокращения Emmet.",
	"emmetExtensionsPath": "Путь к папке, содержащей профили Emmet и фрагменты кода.",
	"emmetShowExpandedAbbreviation": "Отображает развернутые сокращения Emmet в виде предложений.\nПараметр \"inMarkupAndStylesheetFilesOnly\" применяется к html, haml, jade, slim, xml, xsl, css, scss, sass, less и stylus .\nПараметр \"always\" применяется ко всем частям файла независимо от разметки и стилей.",
	"emmetShowAbbreviationSuggestions": "Отображает возможные сокращения Emmet в виде предложений. Не применяется в таблицах стилей или если параметр emmet.showExpandedAbbreviation имеет значение \"never\".",
	"emmetIncludeLanguages": "Включает сокращения Emmet в языках, которые не поддерживаются по умолчанию. Здесь можно указать связь между не поддерживаемым и поддерживаемым языками.\nПример: {\"vue-html\": \"html\", \"javascript\": \"javascriptreact\"}",
	"emmetVariables": "Переменные, которые будут использоваться во фрагментах Emmet",
	"emmetTriggerExpansionOnTab": "Если этот параметр установлен, сокращения Emmet разворачиваются при нажатии клавиши TAB.",
	"emmetPreferences": "Настройки, которые используются для изменения поведения некоторых действий и сопоставителей Emmet.",
	"emmetPreferencesIntUnit": "Единица по умолчанию для целочисленных значений",
	"emmetPreferencesFloatUnit": "Единица по умолчанию для значений с плавающей запятой",
	"emmetPreferencesCssAfter": "Символ, который будет помещен в конце свойства CSS при развертывании сокращений CSS",
	"emmetPreferencesSassAfter": "Символ, который будет помещен в конце свойства CSS при развертывании сокращений CSS в файлах Sass",
	"emmetPreferencesStylusAfter": "Символ, который будет помещен в конце свойства CSS при развертывании сокращений CSS в файлах Stylus",
	"emmetPreferencesCssBetween": "Символ, который будет помещен между свойством CSS и значением при развертывании сокращений CSS",
	"emmetPreferencesSassBetween": "Символ, который будет помещен между свойством CSS и значением при развертывании сокращений CSS в файлах Sass",
	"emmetPreferencesStylusBetween": "Символ, который будет помещен между свойством CSS и значением при развертывании сокращений CSS в файлах Stylus",
	"emmetShowSuggestionsAsSnippets": "Если этот параметр имеет значение true, предложения Emmet будут отображаться в виде фрагментов, которые можно упорядочить с помощью параметра editor.snippetSuggestions.",
	"emmetPreferencesBemElementSeparator": "Разделитель элемента для классов, используемый с фильтром BEM",
	"emmetPreferencesBemModifierSeparator": "Разделитель модификатора для классов, используемый с фильтром BEM",
	"emmetPreferencesFilterCommentBefore": "Определение комментария, который должен быть размещен перед соответствующим элементом при применении фильтра комментария.",
	"emmetPreferencesFilterCommentAfter": "Определение комментария, который должен быть размещен после соответствующего элемента при применении фильтра комментария. ",
	"emmetPreferencesFilterCommentTrigger": "Разделителями запятыми список имен атрибутов, которые должны присутствовать в сокращении для применения фильтра комментария",
	"emmetPreferencesFormatNoIndentTags": "Массив имен тегов, для которых не следует использовать внутренние отступы",
	"emmetPreferencesFormatForceIndentTags": "Массив имен тегов, для которых всегда следует использовать внутренние отступы",
	"emmetPreferencesAllowCompactBoolean": "Если этот параметр имеет значение true, формируется компактная запись логических атрибутов",
	"emmetPreferencesCssWebkitProperties": "Разделенный запятыми список свойств CSS, которые получают префикс разработчика \"webkit\" при использовании в сокращениях Emmet, которые начинаются с \"-\". Чтобы префикс  \"webkit\" никогда не подставлялся, установите в качестве этого параметра пустое значение.",
	"emmetPreferencesCssMozProperties": "Разделенный запятыми список свойств CSS, которые получают префикс разработчика \"moz\" при использовании в сокращениях Emmet, которые начинаются с \"-\". Чтобы префикс \"moz\" никогда не подставлялся, установите в качестве этого параметра пустое значение. ",
	"emmetPreferencesCssOProperties": "Разделенный запятыми список свойств CSS, которые получают префикс разработчика \"o\" при использовании в сокращениях Emmet, которые начинаются с \"-\". Чтобы префикс \"o\" никогда не подставлялся, установите в качестве этого параметра пустое значение. ",
	"emmetPreferencesCssMsProperties": "Разделенный запятыми список свойств CSS, которые получают префикс разработчика \"ms\" при использовании в сокращениях Emmet, которые начинаются с \"-\". Чтобы префикс \"ms\" никогда не подставлялся, установите в качестве этого параметра пустое значение. ",
	"emmetPreferencesCssFuzzySearchMinScore": "Минимальное количество очков для нечеткого соответствия сокращения (от 0 до 1). При указании более низких значений возможно увеличение числа ложных срабатываний, при указании более высоких значений - уменьшение числа возможных соответствий.",
	"emmetOptimizeStylesheetParsing": "When set to false, the whole file is parsed to determine if current position is valid for expanding Emmet abbreviations. When set to true, only the content around the current position in css/scss/less files is parsed."
}