{
	"description": "VS Code 的 Emnet 支援",
	"command.wrapWithAbbreviation": "使用縮寫換行",
	"command.wrapIndividualLinesWithAbbreviation": "使用縮寫換每一行",
	"command.removeTag": "移除標籤",
	"command.updateTag": "更新標記",
	"command.matchTag": "前往相符的配對",
	"command.balanceIn": "平衡(向內)",
	"command.balanceOut": "平衡(向外)",
	"command.prevEditPoint": "移至上一個編輯端點",
	"command.nextEditPoint": "移至下一個編輯端點",
	"command.mergeLines": "合併行",
	"command.selectPrevItem": "選取上一個項目",
	"command.selectNextItem": "選取下一個項目",
	"command.splitJoinTag": "分割/聯結標記",
	"command.toggleComment": "切換註解",
	"command.evaluateMathExpression": "評估數學運算式",
	"command.updateImageSize": "更新影像大小",
	"command.reflectCSSValue": "反射 CSS 值",
	"command.incrementNumberByOne": "依 1 遞增",
	"command.decrementNumberByOne": "依 1 遞減",
	"command.incrementNumberByOneTenth": "依 0.1 遞增",
	"command.decrementNumberByOneTenth": "依 0.1 遞減",
	"command.incrementNumberByTen": "依 10 遞增",
	"command.decrementNumberByTen": "依 10 遞減",
	"emmetSyntaxProfiles": "為指定的語法定義設定檔，或透過特定規則使用自己的設定檔。",
	"emmetExclude": "不應展開 Emmet 縮寫的語言陣列。",
	"emmetExtensionsPath": "包含 Emmet 設定檔及程式碼片段的資料夾路徑",
	"emmetShowExpandedAbbreviation": "顯示建議之展開的 Emmet 縮寫。\n\"inMarkupAndStylesheetFilesOnly\" 選項適用於 html、haml、jade、slim、xml、xsl、css、scss、sass、less 和 stylus。\n不論 markup/css 為何，該選項「一律」適用於檔案的所有部分。",
	"emmetShowAbbreviationSuggestions": "顯示建議可能的 Emmet 縮寫。但在樣式表內或 emmet.showExpandedAbbreviation 設為「永不」時，則不適用。",
	"emmetIncludeLanguages": "以預設未支援的語言啟用 Emmet 縮寫。在此新增該語言和 Emmet 支援的語言間之對應。\n例如: {\"vue-html\": \"html\", \"javascript\": \"javascriptreact\"} ",
	"emmetVariables": "在 Emmet 程式碼片段中使用的變數",
	"emmetTriggerExpansionOnTab": "啟用時，按下 Tab 鍵即可展開 Emmet 縮寫。",
	"emmetPreferences": "喜好設定，用以修改某些動作的行為及 Emmet 的解析程式。",
	"emmetPreferencesIntUnit": "整數值的預設單位",
	"emmetPreferencesFloatUnit": "浮點值的預設單位",
	"emmetPreferencesCssAfter": "展開 CSS 縮寫時，要放在 CSS 屬性結尾的符號 ",
	"emmetPreferencesSassAfter": "在 SASS 檔案中展開 CSS 縮寫時，要放在 CSS 屬性結尾的符號",
	"emmetPreferencesStylusAfter": "在手寫筆檔案中展開 CSS 縮寫時，要放在 CSS 屬性結尾的符號",
	"emmetPreferencesCssBetween": "展開 CSS 縮寫時，要放在 CSS 屬性與值之間的符號",
	"emmetPreferencesSassBetween": "在 SASS 檔案中展開 CSS 縮寫時，要放在 CSS 屬性與值之間的符號",
	"emmetPreferencesStylusBetween": "在手寫筆檔案中展開 CSS 縮寫時，要放在 CSS 屬性與值之間的符號",
	"emmetShowSuggestionsAsSnippets": "若為 true，則 Emmet 建議會顯示為程式碼片段，可讓您在每個 editor.snippetSuggestions 設定為其排序。",
	"emmetPreferencesBemElementSeparator": "使用 BEM 篩選時用於類別的元素分隔符號",
	"emmetPreferencesBemModifierSeparator": "使用 BEM 篩選時用於類別的修飾詞分隔符號",
	"emmetPreferencesFilterCommentBefore": "套用註解篩選時必須置於相符元素前的註解定義。",
	"emmetPreferencesFilterCommentAfter": "套用註解篩選時必須置於相符元素後的註解定義。 ",
	"emmetPreferencesFilterCommentTrigger": "必須採用縮寫以套用註解篩選的屬性名稱逗點分隔清單",
	"emmetPreferencesFormatNoIndentTags": "陣列的標籤名稱不應向內縮排",
	"emmetPreferencesFormatForceIndentTags": "陣列的標籤名稱應總是向內縮排",
	"emmetPreferencesAllowCompactBoolean": "若為 true，則生成布林屬性的嚴謹表示法",
	"emmetPreferencesCssWebkitProperties": "在以 `-` 開頭的 Emmet 縮寫中使用時，會取得 'webkit' 廠商前綴的逗點分隔 CSS 屬性。設定為空白字串可避免總是取得 'webkit' 前綴。",
	"emmetPreferencesCssMozProperties": "在以 `-` 開頭的 Emmet 縮寫中使用時，會取得 'moz' 廠商前綴的逗點分隔 CSS 屬性。設定為空白字串可避免總是取得 'moz' 前綴。",
	"emmetPreferencesCssOProperties": "在以 `-` 開頭的 Emmet 縮寫中使用時，會取得 'o' 廠商前綴的逗點分隔 CSS 屬性。設定為空白字串可避免總是取得 'o' 前綴。",
	"emmetPreferencesCssMsProperties": "在以 `-` 開頭的 Emmet 縮寫中使用時，會取得 'ms' 廠商前綴的逗點分隔 CSS 屬性。設定為空白字串可避免總是取得 'ms' 前綴。",
	"emmetPreferencesCssFuzzySearchMinScore": "模糊比對的縮寫應該達到最低分數(從 0 到 1)。較低數值可能產生錯誤的比對，較高的數值可能會降低可能的比對。",
	"emmetOptimizeStylesheetParsing": "When set to false, the whole file is parsed to determine if current position is valid for expanding Emmet abbreviations. When set to true, only the content around the current position in css/scss/less files is parsed."
}