{
	"comments": {
		// symbols used for start and end a block comment. Remove this entry if your language does not support block comments
		"blockComment": [
			"<!--",
			"-->"
		]
	},
	// symbols used as brackets
	"brackets": [
		["{", "}"],
		["[", "]"],
		["(", ")"]
	],
	"autoClosingPairs": [
		{
			"open": "{",
			"close": "}"
		},
		{
			"open": "[",
			"close": "]"
		},
		{
			"open": "(",
			"close": ")"
		},
		{
			"open": "<",
			"close": ">",
			"notIn": [
				"string"
			]
		}
	],
	"surroundingPairs": [
		["(", ")"],
		["[", "]"],
		["`", "`"]
	],
	"folding": {
		"offSide": true,
		"markers": {
			"start": "^\\s*<!--\\s*#?region\\b.*-->",
			"end": "^\\s*<!--\\s*#?endregion\\b.*-->"
		}
	}
}
